"index","reviewStatus","detectedLabel","detectedDeviceType","station","confidence","geometryStatus","geometryCenterXY","sourceEntityIds","evidence"
"1","uncertain","7B-010L-03 (M/H) BASE PLATE","device_number","7B-010L","0.91","ambiguous","73874.4, 86901.5","dxf-mtext-17094","parent station 7B-010L; suffix 03; numeric suffix is a device tag, not a station; distance to group 0 mm; centroid distance 124 mm; block insert u15; robot layer/block hint; multiple nearby geometry groups score similarly; device kind device_number maps to robot.generic; footprint from best ambiguous geometry candidate; generic robot service and reach review allowance; padding 250 mm"
"2","uncertain","7B-010L-1N","nest","7B-010L","0.91","ambiguous","74971.9, 84394.8","dxf-mtext-1713c","parent station 7B-010L; suffix 1N; station-device suffix pattern; distance to group 0 mm; centroid distance 733 mm; block insert putdownstand5; multiple nearby geometry groups score similarly; device kind nest maps to nest.station; footprint from best ambiguous geometry candidate; generic nest load/access allowance; padding 150 mm"
"3","uncertain","7B-010L-2N","nest","7B-010L","0.91","ambiguous","72781.8, 89313.8","dxf-mtext-1707e","parent station 7B-010L; suffix 2N; station-device suffix pattern; distance to group 0 mm; centroid distance 738 mm; block insert putdownstand5; multiple nearby geometry groups score similarly; device kind nest maps to nest.station; footprint from best ambiguous geometry candidate; generic nest load/access allowance; padding 150 mm"
"4","uncertain","7B-010L-3W1","station_device_tag","7B-010L","0.88","linked","71306.1, 86310.8","dxf-mtext-9fddf, dxf-polyline-insert-176e2-child-e9bb, dxf-polyline-insert-176e2-child-e9bc, dxf-polyline-insert-176e2-child-e9bd, dxf-polyline-insert-176e2-child-e9be, dxf-polyline-insert-176e2-child-e9bf, dxf-polyline-insert-176e2-child-e9c0, dxf-polyline-insert-176e2-child-e9c1, dxf-polyline-insert-176e2-child-e9c2, dxf-polyline-insert-176e2-child-e9c3, dxf-polyline-insert-176e2-child-e9c4, dxf-polyline-insert-176e2-child-e9c5, dxf-polyline-insert-176e2-child-e9c6","parent station 7B-010L; suffix 3W1; station-device suffix pattern; long processNote text retained as secondary evidence; distance to group 0 mm; centroid distance 148 mm; block insert 7b-010r-3w1; no equipment library match; footprint from linked geometry group insert-176e2-7b-010r-3w1"
"5","uncertain","7B-010R-03 (M/H) BASE PLATE","device_number","7B-010R","0.91","ambiguous","84594.4, 86896.7","dxf-mtext-16a36","parent station 7B-010R; suffix 03; numeric suffix is a device tag, not a station; distance to group 0 mm; centroid distance 129 mm; block insert u36; robot layer/block hint; multiple nearby geometry groups score similarly; device kind device_number maps to robot.generic; footprint from best ambiguous geometry candidate; generic robot service and reach review allowance; padding 250 mm"
"6","uncertain","7B-010R-1N","nest","7B-010R","0.91","ambiguous","83464.7, 84408.4","dxf-mtext-16a1f","parent station 7B-010R; suffix 1N; station-device suffix pattern; distance to group 0 mm; centroid distance 794 mm; block insert putdownstand5; multiple nearby geometry groups score similarly; device kind nest maps to nest.station; footprint from best ambiguous geometry candidate; generic nest load/access allowance; padding 150 mm"
"7","uncertain","7B-010R-2N","nest","7B-010R","0.91","ambiguous","85666.2, 89299.6","dxf-mtext-16a20","parent station 7B-010R; suffix 2N; station-device suffix pattern; distance to group 0 mm; centroid distance 783 mm; block insert putdownstand5; multiple nearby geometry groups score similarly; device kind nest maps to nest.station; footprint from best ambiguous geometry candidate; generic nest load/access allowance; padding 150 mm"
"8","uncertain","7B-010R-3W1","station_device_tag","7B-010R","0.88","linked","87189.9, 86310.9","dxf-mtext-16d4d, dxf-polyline-insert-17016-child-e9bb, dxf-polyline-insert-17016-child-e9bc, dxf-polyline-insert-17016-child-e9bd, dxf-polyline-insert-17016-child-e9be, dxf-polyline-insert-17016-child-e9bf, dxf-polyline-insert-17016-child-e9c0, dxf-polyline-insert-17016-child-e9c1, dxf-polyline-insert-17016-child-e9c2, dxf-polyline-insert-17016-child-e9c3, dxf-polyline-insert-17016-child-e9c4, dxf-polyline-insert-17016-child-e9c5, dxf-polyline-insert-17016-child-e9c6","parent station 7B-010R; suffix 3W1; station-device suffix pattern; long processNote text retained as secondary evidence; distance to group 0 mm; centroid distance 183 mm; block insert 7b-010r-3w1; no equipment library match; footprint from linked geometry group insert-17016-7b-010r-3w1"
"9","uncertain","7B-020L-02 (RIVET) BASE PLATE","device_number","7B-020L","0.91","ambiguous","67161.1, 85878.8","dxf-mtext-17096","parent station 7B-020L; suffix 02; numeric suffix is a device tag, not a station; distance to group 0 mm; centroid distance 146 mm; block insert u36; robot layer/block hint; multiple nearby geometry groups score similarly; device kind device_number maps to robot.generic; footprint from best ambiguous geometry candidate; generic robot service and reach review allowance; padding 250 mm"
"10","uncertain","7B-020L-03 (M/H) BASE PLATE","device_number","7B-020L","0.91","ambiguous","69746.3, 88530.7","dxf-mtext-17095","parent station 7B-020L; suffix 03; numeric suffix is a device tag, not a station; distance to group 0 mm; centroid distance 130 mm; block insert u234; robot layer/block hint; multiple nearby geometry groups score similarly; device kind device_number maps to robot.generic; footprint from best ambiguous geometry candidate; generic robot service and reach review allowance; padding 250 mm"
"11","uncertain","7B-020L-04 (RIVET) BASE PLATE","robot","7B-020L","0.97","ambiguous","68764.1, 85902.6","dxf-mtext-1709d","parent station 7B-020L; suffix 04; known P736 robot tag; station-device suffix pattern; distance to group 0 mm; centroid distance 359 mm; nearby geometry cluster; robot layer/block hint; multiple nearby geometry groups score similarly; device kind robot maps to robot.generic; footprint from best ambiguous geometry candidate; generic robot service and reach review allowance; padding 250 mm"
"12","uncertain","7B-020R-02 (RIVET) BASE PLATE","device_number","7B-020R","0.91","ambiguous","91338.8, 85892.4","dxf-mtext-16a38","parent station 7B-020R; suffix 02; numeric suffix is a device tag, not a station; distance to group 0 mm; centroid distance 133 mm; block insert u36; robot layer/block hint; multiple nearby geometry groups score similarly; device kind device_number maps to robot.generic; footprint from best ambiguous geometry candidate; generic robot service and reach review allowance; padding 250 mm"
"13","uncertain","7B-020R-03 (M/H) BASE PLATE","device_number","7B-020R","0.91","ambiguous","88749.4, 88537.7","dxf-mtext-16a37","parent station 7B-020R; suffix 03; numeric suffix is a device tag, not a station; distance to group 0 mm; centroid distance 123 mm; block insert u36; robot layer/block hint; multiple nearby geometry groups score similarly; device kind device_number maps to robot.generic; footprint from best ambiguous geometry candidate; generic robot service and reach review allowance; padding 250 mm"
"14","uncertain","7B-020R-03","device_number","7B-020R","0.91","ambiguous","93715.1, 92618.7","dxf-mtext-16d4f","parent station 7B-020R; suffix 03; numeric suffix is a device tag, not a station; distance to group 0 mm; centroid distance 209 mm; block insert fanuc-rbt-cntr-r-j3ib; robot layer/block hint; multiple nearby geometry groups score similarly; device kind device_number maps to robot.generic; footprint from best ambiguous geometry candidate; generic robot service and reach review allowance; padding 250 mm"
"15","uncertain","7B-020R-04 (RIVET) BASE PLATE","device_number","7B-020R","0.91","ambiguous","89704.5, 85890.9","dxf-mtext-1701b","parent station 7B-020R; suffix 04; numeric suffix is a device tag, not a station; distance to group 0 mm; centroid distance 137 mm; block insert u15; robot layer/block hint; multiple nearby geometry groups score similarly; device kind device_number maps to robot.generic; footprint from best ambiguous geometry candidate; generic robot service and reach review allowance; padding 250 mm"
"16","uncertain","7B-020R-3W1 SPAC NUT PED","station_device_tag","7B-020R","0.73","ambiguous","67733, 90695.4","dxf-mtext-17533","parent station 7B-020R; suffix 3W1; station-device suffix pattern; distance to group 0 mm; centroid distance 75 mm; block insert 7b020-3w1; multiple nearby geometry groups score similarly; no equipment library match; footprint from best ambiguous geometry candidate"
"17","uncertain","7B-020R-3W1","station_device_tag","7B-020R","0.69","ambiguous","90735.8, 90778.1","dxf-mtext-16e33","parent station 7B-020R; suffix 3W1; station-device suffix pattern; long processNote text retained as secondary evidence; distance to group 0 mm; centroid distance 156 mm; block insert 7b020-3w1; multiple nearby geometry groups score similarly; no equipment library match; footprint from best ambiguous geometry candidate"
"18","uncertain","7B-030L-02 (RIVET) BASE PLATE","device_number","7B-030L","0.91","ambiguous","63042.2, 86077.2","dxf-mtext-1709e","parent station 7B-030L; suffix 02; numeric suffix is a device tag, not a station; distance to group 0 mm; centroid distance 148 mm; block insert u36; robot layer/block hint; multiple nearby geometry groups score similarly; device kind device_number maps to robot.generic; footprint from best ambiguous geometry candidate; generic robot service and reach review allowance; padding 250 mm"
"19","uncertain","7B-030L-03 (M/H) BASE PLATE","device_number","7B-030L","0.91","ambiguous","65655.6, 89401.3","dxf-mtext-17097","parent station 7B-030L; suffix 03; numeric suffix is a device tag, not a station; distance to group 0 mm; centroid distance 151 mm; block insert u36; robot layer/block hint; multiple nearby geometry groups score similarly; device kind device_number maps to robot.generic; footprint from best ambiguous geometry candidate; generic robot service and reach review allowance; padding 250 mm"
"20","uncertain","7B-030L-04 (RIVET) BASE PLATE","device_number","7B-030L","0.91","ambiguous","64511.5, 86101.9","dxf-mtext-1709c","parent station 7B-030L; suffix 04; numeric suffix is a device tag, not a station; distance to group 0 mm; centroid distance 131 mm; block insert u15; robot layer/block hint; multiple nearby geometry groups score similarly; device kind device_number maps to robot.generic; footprint from best ambiguous geometry candidate; generic robot service and reach review allowance; padding 250 mm"
"21","uncertain","7B-030R-02 (RIVET) BASE PLATE","device_number","7B-030R","0.91","ambiguous","95552, 86097.6","dxf-mtext-17075","parent station 7B-030R; suffix 02; numeric suffix is a device tag, not a station; distance to group 0 mm; centroid distance 134 mm; block insert u36; robot layer/block hint; multiple nearby geometry groups score similarly; device kind device_number maps to robot.generic; footprint from best ambiguous geometry candidate; generic robot service and reach review allowance; padding 250 mm"
"22","uncertain","7B-030R-03 (M/H) BASE PLATE","device_number","7B-030R","0.91","ambiguous","92851.1, 89416.6","dxf-mtext-16a39","parent station 7B-030R; suffix 03; numeric suffix is a device tag, not a station; distance to group 0 mm; centroid distance 145 mm; block insert u36; robot layer/block hint; multiple nearby geometry groups score similarly; device kind device_number maps to robot.generic; footprint from best ambiguous geometry candidate; generic robot service and reach review allowance; padding 250 mm"
"23","uncertain","7B-030R-04 (RIVET) BASE PLATE","device_number","7B-030R","0.91","ambiguous","93942.1, 86097.2","dxf-mtext-16a3e","parent station 7B-030R; suffix 04; numeric suffix is a device tag, not a station; distance to group 0 mm; centroid distance 196 mm; block insert u36; robot layer/block hint; multiple nearby geometry groups score similarly; device kind device_number maps to robot.generic; footprint from best ambiguous geometry candidate; generic robot service and reach review allowance; padding 250 mm"
"24","uncertain","7B-030R-3W RIVET PED","station_device_tag","7B-030R","0.73","ambiguous","93083.8, 87536.3","dxf-mtext-16e65","parent station 7B-030R; suffix 3W; station-device suffix pattern; distance to group 129 mm; centroid distance 345 mm; block insert 7b-030-ped-rivet-r00; multiple nearby geometry groups score similarly; no equipment library match; footprint from best ambiguous geometry candidate"
"25","uncertain","7B-030R-3W RIVET PED","station_device_tag","7B-030R","0.73","ambiguous","65891.1, 87563.2","dxf-mtext-17565","parent station 7B-030R; suffix 3W; station-device suffix pattern; distance to group 122 mm; centroid distance 336 mm; block insert 7b-030-ped-rivet-r00; multiple nearby geometry groups score similarly; no equipment library match; footprint from best ambiguous geometry candidate"
"26","uncertain","7B-040L-03 (M/H) BASE PLATE","device_number","7B-040L","0.91","ambiguous","61676.6, 88783.9","dxf-mtext-17098","parent station 7B-040L; suffix 03; numeric suffix is a device tag, not a station; distance to group 0 mm; centroid distance 118 mm; block insert u36; robot layer/block hint; multiple nearby geometry groups score similarly; device kind device_number maps to robot.generic; footprint from best ambiguous geometry candidate; generic robot service and reach review allowance; padding 250 mm"
"27","uncertain","7B-040L-1N","nest","7B-040L","0.91","ambiguous","60163.7, 88008.5","dxf-mtext-17089","parent station 7B-040L; suffix 1N; station-device suffix pattern; distance to group 0 mm; centroid distance 1417 mm; block insert u36; multiple nearby geometry groups score similarly; device kind nest maps to nest.station; footprint from best ambiguous geometry candidate; generic nest load/access allowance; padding 150 mm"
"28","uncertain","7B-040R-03 (M/H) BASE PLATE","device_number","7B-040R","0.91","ambiguous","96781.1, 88774.1","dxf-mtext-16a3a","parent station 7B-040R; suffix 03; numeric suffix is a device tag, not a station; distance to group 0 mm; centroid distance 127 mm; block insert u36; robot layer/block hint; multiple nearby geometry groups score similarly; device kind device_number maps to robot.generic; footprint from best ambiguous geometry candidate; generic robot service and reach review allowance; padding 250 mm"
"29","uncertain","7B-040R-3W RIVET PED","station_device_tag","7B-040R","0.73","ambiguous","97337.8, 86781.6","dxf-mtext-16e6b","parent station 7B-040R; suffix 3W; station-device suffix pattern; distance to group 113 mm; centroid distance 329 mm; block insert 7b-040-ped-rivet-r00; multiple nearby geometry groups score similarly; no equipment library match; footprint from best ambiguous geometry candidate"
"30","uncertain","7B-040R-3W RIVET PED","station_device_tag","7B-040R","0.73","ambiguous","61822.2, 86781","dxf-mtext-17569","parent station 7B-040R; suffix 3W; station-device suffix pattern; distance to group 123 mm; centroid distance 338 mm; block insert 7b-040-ped-rivet-r00; multiple nearby geometry groups score similarly; no equipment library match; footprint from best ambiguous geometry candidate"
"31","uncertain","7B-050L-03 (M/H) BASE PLATE","device_number","7B-050L","0.91","ambiguous","58986.9, 88734.5","dxf-mtext-17099","parent station 7B-050L; suffix 03; numeric suffix is a device tag, not a station; distance to group 0 mm; centroid distance 124 mm; block insert u36; robot layer/block hint; multiple nearby geometry groups score similarly; device kind device_number maps to robot.generic; footprint from best ambiguous geometry candidate; generic robot service and reach review allowance; padding 250 mm"
"32","uncertain","7B-050L-1N","nest","7B-050L","0.91","ambiguous","57561.6, 88040.8","dxf-mtext-1708d","parent station 7B-050L; suffix 1N; station-device suffix pattern; distance to group 0 mm; centroid distance 1674 mm; block insert u36; multiple nearby geometry groups score similarly; device kind nest maps to nest.station; footprint from best ambiguous geometry candidate; generic nest load/access allowance; padding 150 mm"
"33","uncertain","7B-050R-03 (M/H) BASE PLATE","device_number","7B-050R","0.91","ambiguous","99467.1, 88731.8","dxf-mtext-16a3b","parent station 7B-050R; suffix 03; numeric suffix is a device tag, not a station; distance to group 0 mm; centroid distance 121 mm; block insert u15; robot layer/block hint; multiple nearby geometry groups score similarly; device kind device_number maps to robot.generic; footprint from best ambiguous geometry candidate; generic robot service and reach review allowance; padding 250 mm"
"34","uncertain","7B-050R-3W RIVET PED","station_device_tag","7B-050R","0.73","ambiguous","99688.7, 86847.9","dxf-mtext-16e6f","parent station 7B-050R; suffix 3W; station-device suffix pattern; distance to group 125 mm; centroid distance 340 mm; block insert 7b-050-ped-rivet-r00; multiple nearby geometry groups score similarly; no equipment library match; footprint from best ambiguous geometry candidate"
"35","uncertain","7B-060L-03 (M/H) BASE PLATE","device_number","7B-060L","0.91","ambiguous","56110.2, 88746.6","dxf-mtext-1709a","parent station 7B-060L; suffix 03; numeric suffix is a device tag, not a station; distance to group 0 mm; centroid distance 117 mm; block insert u15; robot layer/block hint; multiple nearby geometry groups score similarly; device kind device_number maps to robot.generic; footprint from best ambiguous geometry candidate; generic robot service and reach review allowance; padding 250 mm"
"36","uncertain","7B-060L-3W1","station_device_tag","7B-060L","0.69","ambiguous","56407.4, 86014.6","dxf-mtext-a3d4d","parent station 7B-060L; suffix 3W1; station-device suffix pattern; long processNote text retained as secondary evidence; distance to group 0 mm; centroid distance 215 mm; block insert 7b060-spac; multiple nearby geometry groups score similarly; no equipment library match; footprint from best ambiguous geometry candidate"
"37","uncertain","7B-060R-03 (M/H) BASE PLATE","device_number","7B-060R","0.91","ambiguous","102392.4, 88742.8","dxf-mtext-16a3c","parent station 7B-060R; suffix 03; numeric suffix is a device tag, not a station; distance to group 0 mm; centroid distance 120 mm; block insert u15; robot layer/block hint; multiple nearby geometry groups score similarly; device kind device_number maps to robot.generic; footprint from best ambiguous geometry candidate; generic robot service and reach review allowance; padding 250 mm"
"38","uncertain","7B-060R-3W1","station_device_tag","7B-060R","0.69","ambiguous","102088.7, 86014.1","dxf-mtext-16d4c","parent station 7B-060R; suffix 3W1; station-device suffix pattern; long processNote text retained as secondary evidence; distance to group 0 mm; centroid distance 215 mm; block insert 7b060-spac; multiple nearby geometry groups score similarly; no equipment library match; footprint from best ambiguous geometry candidate"
"39","uncertain","7B-070L-03 (M/H) XXXmm RISER","device_number","7B-070L","0.91","ambiguous","52571.1, 87404.2","dxf-mtext-1709b","parent station 7B-070L; suffix 03; numeric suffix is a device tag, not a station; distance to group 0 mm; centroid distance 118 mm; block insert desg-br01-fan03-pcd-1250-8x24; robot layer/block hint; multiple nearby geometry groups score similarly; device kind device_number maps to robot.generic; footprint from best ambiguous geometry candidate; generic robot service and reach review allowance; padding 250 mm"
"40","uncertain","7B-070L-DN1","dunnage","7B-070L","0.97","ambiguous","53723.1, 85196.4","dxf-mtext-17092","parent station 7B-070L; suffix DN1; known P736 dunnage station tag; station-device suffix pattern; distance to group 0 mm; centroid distance 1063 mm; block insert 7g-080-1dr-2d; multiple nearby geometry groups score similarly; device kind dunnage maps to dunnage.station; footprint from best ambiguous geometry candidate; generic dunnage load/unload access allowance; padding 150 mm"
"41","uncertain","7B-070L-DN2","dunnage","7B-070L","0.97","ambiguous","50401.7, 87281","dxf-mtext-17093","parent station 7B-070L; suffix DN2; known P736 dunnage station tag; station-device suffix pattern; distance to group 0 mm; centroid distance 1005 mm; block insert 7g-080-1dr-2d; multiple nearby geometry groups score similarly; device kind dunnage maps to dunnage.station; footprint from best ambiguous geometry candidate; generic dunnage load/unload access allowance; padding 150 mm"
"42","uncertain","7B-070R-03 (M/H) XXXmm RISER","device_number","7B-070R","0.91","ambiguous","105941.4, 87398.5","dxf-mtext-16a3d","parent station 7B-070R; suffix 03; numeric suffix is a device tag, not a station; distance to group 0 mm; centroid distance 123 mm; block insert desg-br01-fan03-pcd-1250-8x24; robot layer/block hint; multiple nearby geometry groups score similarly; device kind device_number maps to robot.generic; footprint from best ambiguous geometry candidate; generic robot service and reach review allowance; padding 250 mm"
"43","uncertain","7B-070R-DN1","dunnage","7B-070R","0.91","ambiguous","104613.5, 85134.5","dxf-mtext-16a34","parent station 7B-070R; suffix DN1; station-device suffix pattern; distance to group 0 mm; centroid distance 893 mm; block insert 7g-080-1dr-2d; multiple nearby geometry groups score similarly; device kind dunnage maps to dunnage.station; footprint from best ambiguous geometry candidate; generic dunnage load/unload access allowance; padding 150 mm"
"44","uncertain","7B-070R-DN2","dunnage","7B-070R","0.91","ambiguous","108137.8, 87138.9","dxf-mtext-16a35","parent station 7B-070R; suffix DN2; station-device suffix pattern; distance to group 0 mm; centroid distance 662 mm; nearby geometry cluster; multiple nearby geometry groups score similarly; device kind dunnage maps to dunnage.station; footprint from best ambiguous geometry candidate; generic dunnage load/unload access allowance; padding 150 mm"
"45","uncertain","DROP DROP","service_drop","","0.73","ambiguous","71727.9, 91747.2","dxf-text-insert-1779e-child-12654, dxf-text-insert-a44d3-child-12654","DROP; distance to group 341 mm; centroid distance 350 mm; block insert fenc-1025; support-equipment layer/block hint; multiple nearby geometry groups score similarly; no equipment library match; footprint from best ambiguous geometry candidate"
"46","uncertain","DROP","service_drop","","0.88","linked","90501.7, 83609.2","dxf-line-insert-a0eca-child-18d, dxf-line-insert-a0eca-child-190, dxf-polyline-insert-a0eca-child-18f, dxf-polyline-insert-a0eca-child-191, dxf-polyline-insert-a0eca-child-192, dxf-polyline-insert-a0eca-child-193, dxf-polyline-insert-a0eca-child-194, dxf-polyline-insert-a0eca-child-195, dxf-polyline-insert-a0eca-child-196, dxf-text-insert-170a5-child-f5f0","DROP; distance to group 351 mm; centroid distance 367 mm; block insert fenc-1525; support-equipment layer/block hint; no equipment library match; footprint from linked geometry group insert-a0eca-fenc-1525"
"47","uncertain","DROP","service_drop","","0.69","ambiguous","100284.2, 83438.6","dxf-text-insert-170ae-child-f5f0","DROP; distance to group 349 mm; centroid distance 419 mm; block insert fenc-1525; support-equipment layer/block hint; multiple nearby geometry groups score similarly; no equipment library match; footprint from best ambiguous geometry candidate"
"48","uncertain","DROP","service_drop","","0.73","ambiguous","98171.6, 91762.4","dxf-text-insert-170b7-child-f5f0","DROP; distance to group 356 mm; centroid distance 403 mm; block insert fenc-1525; support-equipment layer/block hint; multiple nearby geometry groups score similarly; no equipment library match; footprint from best ambiguous geometry candidate"
"49","uncertain","DROP","service_drop","","0.73","ambiguous","88201.9, 91762.4","dxf-text-insert-170c0-child-f5f0","DROP; distance to group 356 mm; centroid distance 417 mm; block insert fenc-1525; support-equipment layer/block hint; multiple nearby geometry groups score similarly; no equipment library match; footprint from best ambiguous geometry candidate"
"50","uncertain","DROP","service_drop","","0.69","ambiguous","94827.1, 83443.8","dxf-text-insert-1710f-child-12654","DROP; distance to group 344 mm; centroid distance 394 mm; block insert fenc-1525; support-equipment layer/block hint; multiple nearby geometry groups score similarly; no equipment library match; footprint from best ambiguous geometry candidate"
"51","uncertain","DROP","service_drop","","0.73","ambiguous","86753.3, 91747.2","dxf-text-insert-17112-child-12654","DROP; distance to group 341 mm; centroid distance 350 mm; block insert fenc-1025; support-equipment layer/block hint; multiple nearby geometry groups score similarly; no equipment library match; footprint from best ambiguous geometry candidate"
"52","uncertain","DROP","service_drop","","0.69","ambiguous","67859.2, 83436.9","dxf-text-insert-1773b-child-f5f0","DROP; distance to group 351 mm; centroid distance 385 mm; block insert fenc-1525; support-equipment layer/block hint; multiple nearby geometry groups score similarly; no equipment library match; footprint from best ambiguous geometry candidate"
"53","uncertain","DROP","service_drop","","0.88","linked","57994, 83610.1","dxf-line-insert-1da19-child-18d, dxf-line-insert-1da19-child-190, dxf-polyline-insert-1da19-child-18f, dxf-polyline-insert-1da19-child-191, dxf-polyline-insert-1da19-child-192, dxf-polyline-insert-1da19-child-193, dxf-polyline-insert-1da19-child-194, dxf-polyline-insert-1da19-child-195, dxf-polyline-insert-1da19-child-196, dxf-text-insert-17744-child-f5f0","DROP; distance to group 349 mm; centroid distance 359 mm; block insert fenc-1525; support-equipment layer/block hint; no equipment library match; footprint from linked geometry group insert-1da19-fenc-1525"
"54","uncertain","DROP","service_drop","","0.73","ambiguous","49843.5, 91752.5","dxf-text-insert-1774d-child-f5f0","DROP; distance to group 346 mm; centroid distance 386 mm; block insert fenc-1525; support-equipment layer/block hint; multiple nearby geometry groups score similarly; no equipment library match; footprint from best ambiguous geometry candidate"
"55","uncertain","DROP","service_drop","","0.92","linked","70493.9, 91587.5","dxf-line-insert-1d974-child-18d, dxf-line-insert-1d974-child-190, dxf-polyline-insert-1d974-child-18f, dxf-polyline-insert-1d974-child-191, dxf-polyline-insert-1d974-child-192, dxf-polyline-insert-1d974-child-193, dxf-polyline-insert-1d974-child-194, dxf-polyline-insert-1d974-child-195, dxf-polyline-insert-1d974-child-196, dxf-text-insert-17756-child-f5f0","DROP; distance to group 356 mm; centroid distance 365 mm; block insert fenc-1525; support-equipment layer/block hint; no equipment library match; footprint from linked geometry group insert-1d974-fenc-1525"
"56","uncertain","DROP","service_drop","","0.69","ambiguous","63681.9, 83446.3","dxf-text-insert-1779b-child-12654","DROP; distance to group 341 mm; centroid distance 398 mm; block insert fenc-1525; support-equipment layer/block hint; multiple nearby geometry groups score similarly; no equipment library match; footprint from best ambiguous geometry candidate"
"57","uncertain","DROP","service_drop","","0.88","linked","108801.7, 83609.8","dxf-line-insert-a0e94-child-18d, dxf-line-insert-a0e94-child-190, dxf-polyline-insert-a0e94-child-18f, dxf-polyline-insert-a0e94-child-191, dxf-polyline-insert-a0e94-child-192, dxf-polyline-insert-a0e94-child-193, dxf-polyline-insert-a0e94-child-194, dxf-polyline-insert-a0e94-child-195, dxf-polyline-insert-a0e94-child-196, dxf-text-insert-2a5ac-child-f5f0","DROP; distance to group 350 mm; centroid distance 379 mm; block insert fenc-1525; support-equipment layer/block hint; no equipment library match; footprint from linked geometry group insert-a0e94-fenc-1525"
"58","uncertain","DROP","service_drop","","0.93","linked","108801.7, 91539.2","dxf-line-insert-a0e85-child-18d, dxf-line-insert-a0e85-child-190, dxf-polyline-insert-a0e85-child-18f, dxf-polyline-insert-a0e85-child-191, dxf-polyline-insert-a0e85-child-192, dxf-polyline-insert-a0e85-child-193, dxf-polyline-insert-a0e85-child-194, dxf-polyline-insert-a0e85-child-195, dxf-polyline-insert-a0e85-child-196, dxf-text-insert-2a5b5-child-f5f0","DROP; distance to group 259 mm; centroid distance 275 mm; block insert fenc-1525; support-equipment layer/block hint; no equipment library match; footprint from linked geometry group insert-a0e85-fenc-1525"
"59","uncertain","DROP","service_drop","","0.69","ambiguous","49366.3, 83438.7","dxf-text-insert-a3d4e-child-f5f0","DROP; distance to group 349 mm; centroid distance 486 mm; block insert fenc-1525; support-equipment layer/block hint; multiple nearby geometry groups score similarly; no equipment library match; footprint from best ambiguous geometry candidate"
"60","uncertain","DROP","service_drop","","0.93","linked","60493.9, 91587.7","dxf-line-insert-1d992-child-18d, dxf-line-insert-1d992-child-190, dxf-polyline-insert-1d992-child-18f, dxf-polyline-insert-1d992-child-191, dxf-polyline-insert-1d992-child-192, dxf-polyline-insert-1d992-child-193, dxf-polyline-insert-1d992-child-194, dxf-polyline-insert-1d992-child-195, dxf-polyline-insert-1d992-child-196, dxf-text-insert-a3d7f-child-f5f0","DROP; distance to group 356 mm; centroid distance 368 mm; block insert fenc-1525; support-equipment layer/block hint; no equipment library match; footprint from linked geometry group insert-1d992-fenc-1525"
"61","uncertain","PANEL 400A PANEL 400A","pdp_panel","","0.80","ambiguous","72014.2, 92186.9","dxf-text-insert-1779e-child-125fe, dxf-text-insert-a44d3-child-125fe","PANEL 400A; distance to group 0 mm; centroid distance 369 mm; block insert 70zf-20013171-rbt-pwr-dist-400a; multiple nearby geometry groups score similarly; device kind pdp_panel maps to panel.electrical; footprint from best ambiguous geometry candidate; generic electrical panel front access allowance; padding 100 mm"
"62","uncertain","PART NUMBER LIFT & TILT","lift_tilt","","0.83","ambiguous","87151.3, 80428.5","dxf-mtext-16e73, dxf-text-insert-16e74-child-127ed","LIFT & TILT; distance to group 0 mm; centroid distance 152 mm; block insert u66; multiple nearby geometry groups score similarly; no equipment library match; footprint from best ambiguous geometry candidate"
"63","uncertain","PART NUMBER LIFT & TILT","lift_tilt","","0.83","ambiguous","88618.2, 80428.5","dxf-mtext-17820, dxf-text-insert-17821-child-127ed","LIFT & TILT; distance to group 0 mm; centroid distance 152 mm; block insert u66; multiple nearby geometry groups score similarly; no equipment library match; footprint from best ambiguous geometry candidate"
"64","uncertain","PART NUMBER LIFT & TILT","lift_tilt","","0.83","ambiguous","69917.1, 80428.6","dxf-mtext-17844, dxf-text-insert-17845-child-127ed","LIFT & TILT; distance to group 0 mm; centroid distance 152 mm; block insert u66; multiple nearby geometry groups score similarly; no equipment library match; footprint from best ambiguous geometry candidate"
"65","uncertain","PART NUMBER LIFT & TILT","lift_tilt","","0.83","ambiguous","71384, 80428.6","dxf-mtext-17868, dxf-text-insert-17869-child-127ed","LIFT & TILT; distance to group 0 mm; centroid distance 152 mm; block insert u66; multiple nearby geometry groups score similarly; no equipment library match; footprint from best ambiguous geometry candidate"
"66","uncertain","R2000iC-210F","robot_model","","0.89","ambiguous","85116, 86984.6","dxf-text-insert-16d7d-child-df36","R2000IC-210 series; distance to group 0 mm; centroid distance 509 mm; block insert u36; robot layer/block hint; multiple nearby geometry groups score similarly; device kind robot_model maps to robot.generic; footprint from best ambiguous geometry candidate; generic robot service and reach review allowance; padding 250 mm"
"67","uncertain","R2000iC-210F","robot_model","","0.90","ambiguous","88775.9, 89167.9","dxf-text-insert-16d8d-child-df36","R2000IC-210 series; distance to group 0 mm; centroid distance 509 mm; block insert u15; robot layer/block hint; multiple nearby geometry groups score similarly; device kind robot_model maps to robot.generic; footprint from best ambiguous geometry candidate; generic robot service and reach review allowance; padding 250 mm"
"68","uncertain","R2000iC-210F","robot_model","","0.90","ambiguous","92721.1, 89022.4","dxf-text-insert-16d9d-child-df36","R2000IC-210 series; distance to group 0 mm; centroid distance 509 mm; block insert u36; robot layer/block hint; multiple nearby geometry groups score similarly; device kind robot_model maps to robot.generic; footprint from best ambiguous geometry candidate; generic robot service and reach review allowance; padding 250 mm"
"69","uncertain","R2000iC-210F","robot_model","","0.88","ambiguous","94130.9, 86732.8","dxf-text-insert-16dad-child-df36","R2000IC-210 series; distance to group 0 mm; centroid distance 509 mm; block insert u36; robot layer/block hint; multiple nearby geometry groups score similarly; device kind robot_model maps to robot.generic; footprint from best ambiguous geometry candidate; generic robot service and reach review allowance; padding 250 mm"
"70","uncertain","R2000iC-210F","robot_model","","0.89","ambiguous","96760.8, 88392","dxf-text-insert-16dbd-child-df36","R2000IC-210 series; distance to group 0 mm; centroid distance 509 mm; block insert u36; robot layer/block hint; multiple nearby geometry groups score similarly; device kind robot_model maps to robot.generic; footprint from best ambiguous geometry candidate; generic robot service and reach review allowance; padding 250 mm"
"71","uncertain","R2000iC-210F","robot_model","","0.89","ambiguous","99429.5, 88345.1","dxf-text-insert-16dcd-child-df36","R2000IC-210 series; distance to group 0 mm; centroid distance 509 mm; block insert u15; robot layer/block hint; multiple nearby geometry groups score similarly; device kind robot_model maps to robot.generic; footprint from best ambiguous geometry candidate; generic robot service and reach review allowance; padding 250 mm"
"72","uncertain","R2000iC-210F","robot_model","","0.89","ambiguous","102367.7, 88354","dxf-text-insert-16ddd-child-df36","R2000IC-210 series; distance to group 0 mm; centroid distance 509 mm; block insert u15; robot layer/block hint; multiple nearby geometry groups score similarly; device kind robot_model maps to robot.generic; footprint from best ambiguous geometry candidate; generic robot service and reach review allowance; padding 250 mm"
"73","uncertain","R2000iC-210F","robot_model","","0.89","ambiguous","91377.9, 86532.6","dxf-text-insert-16ded-child-df36","R2000IC-210 series; distance to group 0 mm; centroid distance 509 mm; block insert u36; robot layer/block hint; multiple nearby geometry groups score similarly; device kind robot_model maps to robot.generic; footprint from best ambiguous geometry candidate; generic robot service and reach review allowance; padding 250 mm"
"74","uncertain","R2000iC-210F","robot_model","","0.89","ambiguous","89770.8, 86532.8","dxf-text-insert-1701c-child-df36","R2000IC-210 series; distance to group 0 mm; centroid distance 509 mm; block insert u36; robot layer/block hint; multiple nearby geometry groups score similarly; device kind robot_model maps to robot.generic; footprint from best ambiguous geometry candidate; generic robot service and reach review allowance; padding 250 mm"
"75","uncertain","R2000iC-210F","robot_model","","0.88","ambiguous","95635.6, 86732.4","dxf-text-insert-1703b-child-df36","R2000IC-210 series; distance to group 0 mm; centroid distance 509 mm; block insert u15; robot layer/block hint; multiple nearby geometry groups score similarly; device kind robot_model maps to robot.generic; footprint from best ambiguous geometry candidate; generic robot service and reach review allowance; padding 250 mm"
"76","uncertain","R2000iC-210F","robot_model","","0.89","ambiguous","73382.2, 87064.8","dxf-text-insert-1747d-child-df36","R2000IC-210 series; distance to group 0 mm; centroid distance 509 mm; block insert u15; robot layer/block hint; multiple nearby geometry groups score similarly; device kind robot_model maps to robot.generic; footprint from best ambiguous geometry candidate; generic robot service and reach review allowance; padding 250 mm"
"77","uncertain","R2000iC-210F","robot_model","","0.90","ambiguous","69800, 89167.5","dxf-text-insert-1748d-child-930c9","R2000IC-210 series; distance to group 0 mm; centroid distance 509 mm; block insert u234; robot layer/block hint; multiple nearby geometry groups score similarly; device kind robot_model maps to robot.generic; footprint from best ambiguous geometry candidate; generic robot service and reach review allowance; padding 250 mm"
"78","uncertain","R2000iC-210F","robot_model","","0.90","ambiguous","65695.1, 89022.5","dxf-text-insert-1749d-child-df36","R2000IC-210 series; distance to group 0 mm; centroid distance 509 mm; block insert u36; robot layer/block hint; multiple nearby geometry groups score similarly; device kind robot_model maps to robot.generic; footprint from best ambiguous geometry candidate; generic robot service and reach review allowance; padding 250 mm"
"79","uncertain","R2000iC-210F","robot_model","","0.88","ambiguous","64595, 86732.8","dxf-text-insert-174ad-child-df36","R2000IC-210 series; distance to group 0 mm; centroid distance 509 mm; block insert u36; robot layer/block hint; multiple nearby geometry groups score similarly; device kind robot_model maps to robot.generic; footprint from best ambiguous geometry candidate; generic robot service and reach review allowance; padding 250 mm"
"80","uncertain","R2000iC-210F","robot_model","","0.89","ambiguous","61654.9, 88392.6","dxf-text-insert-174bd-child-df36","R2000IC-210 series; distance to group 0 mm; centroid distance 509 mm; block insert u36; robot layer/block hint; multiple nearby geometry groups score similarly; device kind robot_model maps to robot.generic; footprint from best ambiguous geometry candidate; generic robot service and reach review allowance; padding 250 mm"
"81","uncertain","R2000iC-210F","robot_model","","0.89","ambiguous","58985.4, 88344.8","dxf-text-insert-174cd-child-df36","R2000IC-210 series; distance to group 0 mm; centroid distance 509 mm; block insert u36; robot layer/block hint; multiple nearby geometry groups score similarly; device kind robot_model maps to robot.generic; footprint from best ambiguous geometry candidate; generic robot service and reach review allowance; padding 250 mm"
"82","uncertain","R2000iC-210F","robot_model","","0.89","ambiguous","56128.3, 88354.1","dxf-text-insert-174dd-child-df36","R2000IC-210 series; distance to group 0 mm; centroid distance 509 mm; block insert u15; robot layer/block hint; multiple nearby geometry groups score similarly; device kind robot_model maps to robot.generic; footprint from best ambiguous geometry candidate; generic robot service and reach review allowance; padding 250 mm"
"83","uncertain","R2000iC-210F","robot_model","","0.89","ambiguous","67197.4, 86532.8","dxf-text-insert-174ed-child-df36","R2000IC-210 series; distance to group 0 mm; centroid distance 509 mm; block insert u36; robot layer/block hint; multiple nearby geometry groups score similarly; device kind robot_model maps to robot.generic; footprint from best ambiguous geometry candidate; generic robot service and reach review allowance; padding 250 mm"
"84","uncertain","R2000iC-210F","robot_model","","0.89","ambiguous","68804.9, 86532.6","dxf-text-insert-176e6-child-df36","R2000IC-210 series; distance to group 0 mm; centroid distance 509 mm; block insert u15; robot layer/block hint; multiple nearby geometry groups score similarly; device kind robot_model maps to robot.generic; footprint from best ambiguous geometry candidate; generic robot service and reach review allowance; padding 250 mm"
"85","uncertain","R2000iC-210F","robot_model","","0.88","ambiguous","63089.9, 86732.2","dxf-text-insert-17702-child-df36","R2000IC-210 series; distance to group 0 mm; centroid distance 509 mm; block insert u15; robot layer/block hint; multiple nearby geometry groups score similarly; device kind robot_model maps to robot.generic; footprint from best ambiguous geometry candidate; generic robot service and reach review allowance; padding 250 mm"
"86","uncertain","R2000iC-210L","robot_model","","0.89","ambiguous","105903.5, 87013.8","dxf-text-insert-16d4e-child-101b","R2000IC-210 series; distance to group 0 mm; centroid distance 509 mm; block insert desg-br01-fan03-pcd-1250-8x24; robot layer/block hint; multiple nearby geometry groups score similarly; device kind robot_model maps to robot.generic; footprint from best ambiguous geometry candidate; generic robot service and reach review allowance; padding 250 mm"
"87","uncertain","R2000iC-210L","robot_model","","0.89","ambiguous","52513.8, 87013.5","dxf-text-insert-1744e-child-101b","R2000IC-210 series; distance to group 0 mm; centroid distance 509 mm; block insert 210l; robot layer/block hint; multiple nearby geometry groups score similarly; device kind robot_model maps to robot.generic; footprint from best ambiguous geometry candidate; generic robot service and reach review allowance; padding 250 mm"
"88","uncertain","ROBOT PDP ROBOT PDP","pdp_panel","","0.84","ambiguous","72015.3, 92050.2","dxf-text-insert-1779e-child-125fd, dxf-text-insert-a44d3-child-125fd","ROBOT PDP; distance to group 0 mm; centroid distance 471 mm; block insert 70zf-20013171-rbt-pwr-dist-400a; multiple nearby geometry groups score similarly; device kind pdp_panel maps to panel.electrical; footprint from best ambiguous geometry candidate; generic electrical panel front access allowance; padding 100 mm"
