item_type,id,label,kind,station_id,confidence,association_status,association_confidence,linked_entity_count,candidate_group_ids,reviewer_result,reviewer_notes
station,7B-010L,7B-010L LOAD & SPAC,station,7B-010L,0.9500,,,97113,,,
station,7B-010R,7B-010R LOAD & SPAC,station,7B-010R,0.9500,,,97026,,,
station,7B-020L,7B-020L GEO & SPAC,station,7B-020L,0.9500,,,72304,,,
station,7B-020R,7B-020R GEO & SPAC,station,7B-020R,0.9500,,,72282,,,
station,7B-030L,7B-030L RESPOT RIVET,station,7B-030L,0.9500,,,58674,,,
station,7B-030R,7B-030R RESPOT RIVET,station,7B-030R,0.9500,,,58663,,,
station,7B-040L,7B-040L RESPOT RIVET,station,7B-040L,0.9500,,,42847,,,
station,7B-040R,7B-040R RESPOT RIVET,station,7B-040R,0.9500,,,42733,,,
station,7B-050L,7B-050L RESPOT RIVET,station,7B-050L,0.9500,,,39897,,,
station,7B-050R,7B-050R RESPOT RIVET,station,7B-050R,0.9500,,,39899,,,
station,7B-060L,7B-060L SPAC,station,7B-060L,0.9500,,,39028,,,
station,7B-060R,7B-060R SPAC,station,7B-060R,0.9500,,,39033,,,
station,7B-070L,7B-070L RACK LOAD,station,7B-070L,0.9500,,,28832,,,
station,7B-070R,7B-070R RACK LOAD,station,7B-070R,0.9500,,,28830,,,
device,semantic-device-device_number-dxf-mtext-17588,7B-010L-03,device_number,7B-010L,0.9800,linked,0.9601,50,insert-17589-fanuc-rbt-cntr-r-j3ib;insert-176e6-u36;insert-1d7d0-u177;cluster-layer-0-q-genro-wrk-38-46;insert-174ed-u36,,
device,semantic-device-device_number-dxf-mtext-17094,7B-010L-03 (M/H)  BASE PLATE,device_number,7B-010L,0.9100,ambiguous,0.6800,0,insert-175b2-u15;insert-1747d-u36;cluster-layer-0-e-ctry-ovhd-41-49;insert-1b2ea-rbrkt-2004-topview;insert-1b2eb-rbrkt-2001-topview,,
device,semantic-device-nest-dxf-mtext-1713c,7B-010L-1N,nest,7B-010L,0.9100,ambiguous,0.6800,0,insert-9ce44-putdownstand5;insert-1747d-u36;insert-1da6c-u101;insert-17780-od-r01;insert-171d3-u20,,
device,semantic-device-nest-dxf-mtext-1707e,7B-010L-2N,nest,7B-010L,0.9100,ambiguous,0.6800,0,insert-9ce43-putdownstand5;cluster-layer-0-e-ctry-ovhd-41-50;cluster-layer-0-e-ctry-ovhd-41-49;insert-1747d-u36;cluster-layer-0-a-annot-t-40-49,,
device,semantic-device-station_device_tag-dxf-mtext-9fddf,7B-010L-3W1 2 x M6 W716673 DUAL SPAC NUT PED,station_device_tag,7B-010L,0.8816,linked,0.7698,12,insert-176e2-7b-010r-3w1;insert-1747d-u36;insert-1748d-u234;insert-176e6-u36;insert-1b2ea-rbrkt-2004-topview,,
device,semantic-device-device_number-dxf-mtext-16eae,7B-010R-03,device_number,7B-010R,0.9800,linked,0.9595,50,insert-16eaf-fanuc-rbt-cntr-r-j3ib;insert-16d65-w704949-de-0424270-fe-f-083-400-0424269-a-001-controller-20250113;insert-25158-u300;insert-1701c-u36;insert-170cf-20-3940,,
device,semantic-device-device_number-dxf-mtext-16a36,7B-010R-03 (M/H)  BASE PLATE,device_number,7B-010R,0.9100,ambiguous,0.6800,0,insert-16d7d-u36;insert-16ed9-u15;cluster-layer-0-e-ctry-ovhd-46-49;insert-1c305-rbrkt-2004-topview;insert-1c306-rbrkt-2001-topview,,
device,semantic-device-nest-dxf-mtext-16a1f,7B-010R-1N,nest,7B-010R,0.9100,ambiguous,0.6800,0,insert-9fc8e-putdownstand5;insert-16d7d-u36;insert-170ef-od-r01;insert-1dfee-u101;insert-1df26-u110,,
device,semantic-device-nest-dxf-mtext-16a20,7B-010R-2N,nest,7B-010R,0.9100,ambiguous,0.6800,0,insert-9ce6f-putdownstand5;cluster-layer-0-e-ctry-ovhd-46-49;insert-1c305-rbrkt-2004-topview;insert-1c306-rbrkt-2001-topview;cluster-layer-0-a-annot-t-47-49,,
device,semantic-device-station_device_tag-dxf-mtext-16d4d,7B-010R-3W1 2 x M6 W716673 DUAL SPAC NUT PED,station_device_tag,7B-010R,0.8813,linked,0.7663,12,insert-17016-7b-010r-3w1;insert-16d7d-u36;insert-16d8d-u36;insert-1701c-u36;insert-9fec2-rbrkt-2004-topview,,
device,semantic-device-device_number-dxf-mtext-17701,7B-020L-02,device_number,7B-020L,0.9800,linked,0.9566,105,insert-17700-fanuc-henrob-controller;insert-1779b-70zf-20013171-rbt-pwr-dist-400a;insert-17583-fanuc-henrob-controller;insert-174ed-u36;insert-174ad-u36,,
device,semantic-device-device_number-dxf-mtext-17096,7B-020L-02 (RIVET)  BASE PLATE,device_number,7B-020L,0.9100,ambiguous,0.6800,0,insert-174ed-u36;insert-175a8-u15;cluster-layer-0-q-genro-wrk-37-47;insert-176e6-u36;insert-174ad-u36,,
device,semantic-device-device_number-dxf-mtext-1744f,7B-020L-03,device_number,7B-020L,0.9800,linked,0.9600,50,insert-17587-fanuc-rbt-cntr-r-j3ib;insert-1749d-u36;insert-175da-fanuc-henrob-controller;insert-17549-w716421-de-0424621-fe-f-083-400-0424622-a-001-20250123;insert-1d64e-u289,,
device,semantic-device-device_number-dxf-mtext-17095,7B-020L-03 (M/H)  BASE PLATE,device_number,7B-020L,0.9100,ambiguous,0.6800,0,insert-1748d-u234;insert-175bc-u15;insert-176e6-u36;insert-174ed-u36;cluster-layer-0-38-48,,
device,semantic-device-device_number-dxf-mtext-17584,7B-020L-04,device_number,7B-020L,0.9800,linked,0.9565,105,insert-17583-fanuc-henrob-controller;insert-17700-fanuc-henrob-controller;insert-174ed-u36;insert-176e6-u36;insert-a3dc8-spr-cnt-tm-rip-concept-rh-rip,,
device,semantic-device-device_number-dxf-mtext-1709d,7B-020L-04 (RIVET)  BASE PLATE,device_number,7B-020L,0.9100,ambiguous,0.6800,0,insert-176e6-u36;insert-176f6-u15;cluster-layer-0-q-genro-wrk-38-47;cluster-layer-0-q-genro-wrk-37-47;insert-174ed-u36,,
device,semantic-device-device_number-dxf-mtext-17039,7B-020R-02,device_number,7B-020R,0.9800,linked,0.9564,105,insert-17038-fanuc-henrob-controller;insert-16ea9-fanuc-henrob-controller;insert-16ded-u36;insert-1710f-70zf-20013171-rbt-pwr-dist-400a;insert-16dad-u36,,
device,semantic-device-device_number-dxf-mtext-16a38,7B-020R-02 (RIVET)  BASE PLATE,device_number,7B-020R,0.9100,ambiguous,0.6800,0,insert-16ded-u36;insert-16ecf-u15;cluster-layer-0-q-genro-wrk-50-47;insert-1701c-u36;insert-16dad-u36,,
device,semantic-device-device_number-dxf-mtext-16d4f,7B-020R-03,device_number,7B-020R,0.9100,ambiguous,0.6800,0,insert-16ead-fanuc-rbt-cntr-r-j3ib;insert-16f03-fanuc-henrob-controller;insert-16d9d-u36;insert-3207e-spr-cnt-tm-rip-concept-rh-rip;insert-1dc4d-u269,,
device,semantic-device-device_number-dxf-mtext-16a37,7B-020R-03 (M/H)  BASE PLATE,device_number,7B-020R,0.9100,ambiguous,0.6800,0,insert-16d8d-u36;insert-16ee3-u15;insert-1701c-u36;insert-16ded-u36;cluster-layer-0-q-genro-wrk-49-47,,
device,semantic-device-device_number-dxf-mtext-16eaa,7B-020R-04,device_number,7B-020R,0.9800,linked,0.9564,105,insert-16ea9-fanuc-henrob-controller;insert-17038-fanuc-henrob-controller;insert-170a5-u48;insert-16ded-u36;insert-1701c-u36,,
device,semantic-device-device_number-dxf-mtext-1701b,7B-020R-04 (RIVET)  BASE PLATE,device_number,7B-020R,0.9100,ambiguous,0.6800,0,insert-1702c-u15;insert-1701c-u36;cluster-layer-0-q-genro-wrk-49-47;cluster-layer-0-q-genro-wrk-50-47;insert-16ded-u36,,
device,semantic-device-station_device_tag-dxf-mtext-16e33,7B-020R-3W1 1 x M10 W717120 SPAC NUT PED,station_device_tag,7B-020R,0.6900,ambiguous,0.6800,0,insert-17017-7b020-3w1;cluster-layer-0-q-gencopa-50-50;insert-16d8d-u36;insert-16d9d-u36;cluster-layer-0-e-ctry-ovhd-54-50,,
device,semantic-device-station_device_tag-dxf-mtext-17533,7B-020R-3W1 SPAC NUT PED,station_device_tag,7B-020R,0.7300,ambiguous,0.6800,0,insert-17896-7b020-3w1;insert-1749d-u36;cluster-layer-0-a-annot-t-37-49;insert-1748d-u234;insert-1d666-u290,,
device,semantic-device-device_number-dxf-mtext-17586,7B-030L-02,device_number,7B-030L,0.9800,linked,0.9566,105,insert-17585-fanuc-henrob-controller;insert-17738-fanuc-henrob-controller;cluster-layer-0-q-genro-wrk-33-46;insert-1d86e-u176;insert-a3dc5-spr-cnt-tm-rip-concept-rh-rip,,
device,semantic-device-device_number-dxf-mtext-1709e,7B-030L-02 (RIVET)  BASE PLATE,device_number,7B-030L,0.9100,ambiguous,0.6800,0,insert-17702-u36;insert-17712-u15;cluster-layer-0-q-genro-wrk-34-47;insert-174ad-u36;insert-174bd-u36,,
device,semantic-device-device_number-dxf-mtext-175db,7B-030L-03,device_number,7B-030L,0.9800,linked,0.9565,105,insert-175da-fanuc-henrob-controller;insert-17587-fanuc-rbt-cntr-r-j3ib;insert-1749d-u36;cluster-layer-0-a-annot-t-35-49;insert-a3def-spr-cnt-tm-rip-concept-rh-rip,,
device,semantic-device-device_number-dxf-mtext-17097,7B-030L-03 (M/H)  BASE PLATE,device_number,7B-030L,0.9100,ambiguous,0.6800,0,insert-1749d-u36;insert-175c6-u15;insert-174ad-u36;insert-17702-u36;insert-174ed-u36,,
device,semantic-device-device_number-dxf-mtext-17739,7B-030L-04,device_number,7B-030L,0.9800,linked,0.9565,105,insert-17738-fanuc-henrob-controller;insert-17585-fanuc-henrob-controller;insert-1779b-70zf-20013171-rbt-pwr-dist-400a;cluster-layer-0-q-genro-wrk-33-46;insert-17702-u36,,
device,semantic-device-device_number-dxf-mtext-1709c,7B-030L-04 (RIVET)  BASE PLATE,device_number,7B-030L,0.9100,ambiguous,0.6800,0,insert-1758a-u15;insert-174ad-u36;insert-17702-u36;cluster-layer-0-q-genro-wrk-34-47;insert-174ed-u36,,
device,semantic-device-device_number-dxf-mtext-16eac,7B-030R-02,device_number,7B-030R,0.9800,linked,0.9566,105,insert-16eab-fanuc-henrob-controller;insert-17071-fanuc-henrob-controller;cluster-layer-0-q-genro-wrk-54-46;insert-1703b-u36;insert-a053a-spr-cnt-tm-rip-concept-rh-rip,,
device,semantic-device-device_number-dxf-mtext-17075,7B-030R-02 (RIVET)  BASE PLATE,device_number,7B-030R,0.9100,ambiguous,0.6800,0,insert-1703b-u36;insert-1704b-u15;cluster-layer-0-q-genro-wrk-53-47;insert-16dad-u36;insert-16dbd-u36,,
device,semantic-device-device_number-dxf-mtext-16f04,7B-030R-03,device_number,7B-030R,0.9800,linked,0.9565,105,insert-16f03-fanuc-henrob-controller;insert-16ead-fanuc-rbt-cntr-r-j3ib;insert-16d9d-u36;insert-16f05-fanuc-henrob-controller;cluster-layer-0-a-annot-t-52-49,,
device,semantic-device-device_number-dxf-mtext-16a39,7B-030R-03 (M/H)  BASE PLATE,device_number,7B-030R,0.9100,ambiguous,0.6800,0,insert-16d9d-u36;insert-16eed-u15;insert-16dad-u36;insert-1703b-u36;insert-16ded-u36,,
device,semantic-device-device_number-dxf-mtext-17072,7B-030R-04,device_number,7B-030R,0.9800,linked,0.9566,105,insert-17071-fanuc-henrob-controller;insert-1710f-70zf-20013171-rbt-pwr-dist-400a;insert-16eab-fanuc-henrob-controller;insert-1703b-u36;insert-a053b-spr-cnt-tm-rip-concept-rh-rip,,
device,semantic-device-device_number-dxf-mtext-16a3e,7B-030R-04 (RIVET)  BASE PLATE,device_number,7B-030R,0.9100,ambiguous,0.6800,0,insert-16dad-u36;insert-16eb1-u15;insert-1703b-u36;cluster-layer-0-q-genro-wrk-53-47;insert-16ded-u36,,
device,semantic-device-station_device_tag-dxf-mtext-16e65,7B-030R-3W RIVET PED,station_device_tag,7B-030R,0.7300,ambiguous,0.6800,0,insert-1789f-7b-030-ped-rivet-r00;insert-a40c0-manb-up;insert-16dad-u36;insert-9ce71-bucket;insert-16d9d-u36,,
device,semantic-device-station_device_tag-dxf-mtext-17565,7B-030R-3W RIVET PED,station_device_tag,7B-030R,0.7300,ambiguous,0.6800,0,insert-178a4-7b-030-ped-rivet-r00;insert-174ad-u36;insert-1749d-u36;insert-174ed-u36;insert-17566-bucket,,
device,semantic-device-device_number-dxf-mtext-175dd,7B-040L-01,device_number,7B-040L,0.9800,linked,0.9559,105,insert-175dc-fanuc-henrob-controller;insert-175da-fanuc-henrob-controller;insert-a3dee-spr-cnt-tm-rip-concept-rh-rip;insert-174bd-u36;cluster-layer-0-e-ctry-ovhd-34-50,,
device,semantic-device-device_number-dxf-mtext-17098,7B-040L-03 (M/H)  BASE PLATE,device_number,7B-040L,0.9100,ambiguous,0.6800,0,insert-174bd-u36;insert-175d0-u15;insert-174cd-u36;insert-17702-u36;insert-174ad-u36,,
device,semantic-device-nest-dxf-mtext-17089,7B-040L-1N,nest,7B-040L,0.9100,ambiguous,0.6800,0,insert-174cd-u36;insert-93008-putdownstand2;insert-174bd-u36;insert-1b2ea-rbrkt-2004-topview;insert-1b2eb-rbrkt-2001-topview,,
device,semantic-device-device_number-dxf-mtext-16f06,7B-040R-03,device_number,7B-040R,0.9800,linked,0.9623,105,insert-16f05-fanuc-henrob-controller;insert-170b7-u48;insert-30520-spr-cnt-tm-rip-concept-rh-rip;insert-16dbd-u36;insert-16f03-fanuc-henrob-controller,,
device,semantic-device-device_number-dxf-mtext-16a3a,7B-040R-03 (M/H)  BASE PLATE,device_number,7B-040R,0.9100,ambiguous,0.6800,0,insert-16dbd-u36;insert-16ef7-u15;insert-1703b-u36;insert-16dcd-u36;insert-16dad-u36,,
device,semantic-device-nest-dxf-mtext-16a2b,7B-040R-1N,nest,7B-040R,0.9800,linked,0.8671,64,insert-16e70-bucket;cluster-layer-0-q-genro-wrk-54-47;insert-1788c-7b-040-01n;insert-178a0-7b-040-ped-rivet-r00;cluster-layer-0-q-genro-wrk-53-47,,
device,semantic-device-station_device_tag-dxf-mtext-16e6b,7B-040R-3W RIVET PED,station_device_tag,7B-040R,0.7300,ambiguous,0.6800,0,insert-178a0-7b-040-ped-rivet-r00;cluster-layer-0-q-genro-wrk-54-47;cluster-layer-0-q-genro-wrk-53-47;insert-1703b-u36;insert-16dbd-u36,,
device,semantic-device-station_device_tag-dxf-mtext-17569,7B-040R-3W RIVET PED,station_device_tag,7B-040R,0.7300,ambiguous,0.6800,0,insert-178a3-7b-040-ped-rivet-r00;insert-1b2ea-rbrkt-2004-topview;insert-1b2eb-rbrkt-2001-topview;cluster-layer-0-q-genro-wrk-34-47;insert-17702-u36,,
device,semantic-device-device_number-dxf-mtext-175df,7B-050L-01,device_number,7B-050L,0.9800,linked,0.9560,105,insert-175de-fanuc-henrob-controller;insert-175e0-fanuc-henrob-controller;cluster-layer-0-a-annot-t-32-49;insert-a3ded-spr-cnt-tm-rip-concept-rh-rip;insert-174dd-u36,,
device,semantic-device-device_number-dxf-mtext-17099,7B-050L-03 (M/H)  BASE PLATE,device_number,7B-050L,0.9100,ambiguous,0.6800,0,insert-174cd-u36;insert-17594-u15;insert-174bd-u36;insert-174dd-u36;cluster-layer-0-33-48,,
device,semantic-device-nest-dxf-mtext-1708d,7B-050L-1N,nest,7B-050L,0.9100,ambiguous,0.6800,0,insert-174cd-u36;insert-174dd-u36;insert-93007-putdownstand2;cluster-layer-0-a-annot-t-32-49;insert-1789b-7b-040-01n,,
device,semantic-device-device_number-dxf-mtext-16f08,7B-050R-03,device_number,7B-050R,0.9800,linked,0.9565,105,insert-16f07-fanuc-henrob-controller;insert-16f09-fanuc-henrob-controller;insert-304f8-spr-cnt-tm-rip-concept-rh-rip;insert-16ddd-u36;insert-1dcad-u263,,
device,semantic-device-device_number-dxf-mtext-16a3b,7B-050R-03 (M/H)  BASE PLATE,device_number,7B-050R,0.9100,ambiguous,0.6800,0,insert-16ebb-u15;insert-16dcd-u36;insert-16dbd-u36;insert-16ddd-u36;cluster-layer-0-q-genro-wrk-54-47,,
device,semantic-device-nest-dxf-mtext-16a2f,7B-050R-1N,nest,7B-050R,0.9800,linked,0.8769,2416,insert-1788e-7b-040-01n;insert-16a1b-7g-080-1dr-2d;insert-17076-7b060-spac;insert-9ce76-putdownstand2;insert-16dcd-u36,,
device,semantic-device-station_device_tag-dxf-mtext-16e6f,7B-050R-3W RIVET PED,station_device_tag,7B-050R,0.7300,ambiguous,0.6800,0,insert-178a1-7b-050-ped-rivet-r00;insert-16dcd-u36;insert-16e70-bucket;insert-16ddd-u36;cluster-layer-0-q-genro-wrk-54-47,,
device,semantic-device-device_number-dxf-mtext-175e1,7B-060L-01,device_number,7B-060L,0.9800,linked,0.9559,105,insert-175e0-fanuc-henrob-controller;insert-175de-fanuc-henrob-controller;insert-a3e03-spr-cnt-tm-rip-concept-rh-rip;insert-174dd-u36;insert-1d5c8-u292,,
device,semantic-device-device_number-dxf-mtext-1709a,7B-060L-03 (M/H)  BASE PLATE,device_number,7B-060L,0.9100,ambiguous,0.6800,0,insert-1759e-u15;insert-174dd-u36;insert-174cd-u36;insert-1744e-210l;insert-1b2ea-rbrkt-2004-topview,,
device,semantic-device-nest-dxf-mtext-17091,7B-060L-1N,nest,7B-060L,0.9800,linked,0.8705,3874,insert-906ef-putdownstand;insert-1773a-7b060-spac;insert-1789d-7b-040-01n;insert-174dd-u36;insert-1744e-210l,,
device,semantic-device-station_device_tag-dxf-mtext-a3d4d,7B-060L-3W1 2 x M10 W717120 DUAL SPAC NUT PED,station_device_tag,7B-060L,0.6900,ambiguous,0.6800,0,insert-1773a-7b060-spac;insert-1713b-7g-080-1dr-2d;insert-1b2ea-rbrkt-2004-topview;insert-1b2eb-rbrkt-2001-topview;insert-174cd-u36,,
device,semantic-device-device_number-dxf-mtext-16f0a,7B-060R-03,device_number,7B-060R,0.9800,linked,0.9565,105,insert-16f09-fanuc-henrob-controller;insert-16f07-fanuc-henrob-controller;cluster-layer-0-a-annot-t-57-50;insert-a0bf7-spr-cnt-tm-rip-concept-rh-rip;insert-16ddd-u36,,
device,semantic-device-device_number-dxf-mtext-16a3c,7B-060R-03 (M/H)  BASE PLATE,device_number,7B-060R,0.9100,ambiguous,0.6800,0,insert-16ec5-u15;insert-16ddd-u36;insert-16dcd-u36;insert-16d4e-210l;cluster-layer-0-a-annot-t-57-50,,
device,semantic-device-nest-dxf-mtext-16a33,7B-060R-1N,nest,7B-060R,0.9800,linked,0.8696,3874,insert-9ce77-putdownstand;insert-17076-7b060-spac;insert-16ddd-u36;insert-17890-7b-040-01n;insert-16d4e-210l,,
device,semantic-device-station_device_tag-dxf-mtext-16d4c,7B-060R-3W1 2 x M10 W717120 DUAL SPAC NUT PED,station_device_tag,7B-060R,0.6900,ambiguous,0.6800,0,insert-17076-7b060-spac;insert-16a1b-7g-080-1dr-2d;insert-16dcd-u36;insert-16ddd-u36;insert-a0055-rbrkt-2004-topview,,
device,semantic-device-device_number-dxf-mtext-175e3,7B-070L-03,device_number,7B-070L,0.9800,linked,0.9565,105,insert-175e2-fanuc-henrob-controller;insert-a3e02-spr-cnt-tm-rip-concept-rh-rip;insert-1d580-u295;insert-1774d-u48;cluster-layer-0-a-annot-t-27-50,,
device,semantic-device-device_number-dxf-mtext-1709b,7B-070L-03 (M/H)  XXXmm RISER,device_number,7B-070L,0.9100,ambiguous,0.6800,0,insert-1744b-desg-br01-fan03-pcd-1250-8x24;insert-1744e-210l;insert-174dd-u36;insert-1b2ea-rbrkt-2004-topview;insert-1b2eb-rbrkt-2001-topview,,
device,semantic-device-dunnage-dxf-mtext-17092,7B-070L-DN1,dunnage,7B-070L,0.9100,ambiguous,0.6800,0,insert-1713b-7g-080-1dr-2d;insert-1744e-210l;insert-1b2ea-rbrkt-2004-topview;insert-1b2eb-rbrkt-2001-topview;insert-1d8ac-u141,,
device,semantic-device-dunnage-dxf-mtext-17093,7B-070L-DN2,dunnage,7B-070L,0.9100,ambiguous,0.6800,0,insert-17138-7g-080-1dr-2d;insert-1744e-210l;cluster-layer-0-a-annot-t-27-50;insert-1b2ea-rbrkt-2004-topview;insert-1b2eb-rbrkt-2001-topview,,
device,semantic-device-device_number-dxf-mtext-16f0c,7B-070R-03,device_number,7B-070R,0.9800,linked,0.9569,105,insert-16f0b-fanuc-henrob-controller;insert-a0538-spr-cnt-tm-rip-concept-rh-rip;insert-1dcf5-u251;insert-2a5b5-u48;cluster-layer-0-a-annot-t-60-50,,
device,semantic-device-device_number-dxf-mtext-16a3d,7B-070R-03 (M/H)  XXXmm RISER,device_number,7B-070R,0.9100,ambiguous,0.6800,0,insert-16d4b-desg-br01-fan03-pcd-1250-8x24;insert-16d4e-210l;insert-16ddd-u36;insert-16a18-7g-080-1dr-2d;insert-9ce77-putdownstand,,
device,semantic-device-dunnage-dxf-mtext-16a34,7B-070R-DN1,dunnage,7B-070R,0.9100,ambiguous,0.6800,0,insert-16a1b-7g-080-1dr-2d;cluster-layer-0-q-genprto-58-47;insert-16d4e-210l;insert-1df6a-u105;insert-1b33b-rbrkt-2004-topview,,
device,semantic-device-dunnage-dxf-mtext-16a35,7B-070R-DN2,dunnage,7B-070R,0.9100,ambiguous,0.6800,0,cluster-layer-0-q-genprto-60-48;insert-16a18-7g-080-1dr-2d;insert-16d4e-210l;cluster-layer-0-a-annot-t-60-50;insert-a0083-u239,,
device,semantic-device-service_drop-dxf-text-insert-170a5-child-f5f0,DROP,service_drop,7B-020R,0.8836,linked,0.8160,9,insert-a0eca-fenc-1525;insert-2517c-u257;insert-170a5-u48;insert-1df32-u173;insert-1dda9-u126,,
device,semantic-device-service_drop-dxf-text-insert-170ae-child-f5f0,DROP,service_drop,7B-050R,0.6861,ambiguous,0.6800,0,insert-1db67-fenc-1525;insert-25194-u257;insert-1df40-u173;insert-170ae-u48;insert-1de21-u116,,
device,semantic-device-service_drop-dxf-text-insert-170b7-child-f5f0,DROP,service_drop,7B-040R,0.7324,ambiguous,0.6800,0,insert-1dae0-fenc-1525;insert-251b8-u267;insert-1df4e-u174;insert-170b7-u48;insert-1dc89-u129,,
device,semantic-device-service_drop-dxf-text-insert-170c0-child-f5f0,DROP,service_drop,7B-020R,0.7298,ambiguous,0.6800,0,insert-1dac2-fenc-1525;insert-251ac-u267;insert-1df5c-u175;insert-170c0-u48;insert-1dc11-u134,,
device,semantic-device-service_drop-dxf-text-insert-1710f-child-12654,DROP,service_drop,7B-030R,0.6862,ambiguous,0.6800,0,insert-1db58-fenc-1525;insert-1ddcd-u245;insert-1ddd9-u113;insert-1710f-70zf-20013171-rbt-pwr-dist-400a;cluster-layer-0-e-ctry-ovhd-53-46,,
device,semantic-device-service_drop-dxf-text-insert-17112-child-12654,DROP,service_drop,7B-010R,0.7328,ambiguous,0.6800,0,insert-a0ebe-fenc-1025;insert-1dc05-u266;insert-1dbed-u265;insert-1dc11-u134;insert-1dbf9-u133,,
device,semantic-device-service_drop-dxf-text-insert-1773b-child-f5f0,DROP,service_drop,7B-020L,0.6885,ambiguous,0.6800,0,insert-1d9fb-fenc-1525;insert-1d7de-u279;insert-1d7ea-u153;insert-1773b-u48;insert-1da00-fenc-1525,,
device,semantic-device-service_drop-dxf-text-insert-17744-child-f5f0,DROP,service_drop,7B-050L,0.8816,linked,0.8163,9,insert-1da19-fenc-1525;insert-17744-u48;insert-1d87c-u270;insert-1d86e-u176;insert-25200-u298,,
device,semantic-device-service_drop-dxf-text-insert-1774d-child-f5f0,DROP,service_drop,7B-070L,0.7343,ambiguous,0.6800,0,insert-1d9b0-fenc-1525;insert-1d568-u294;insert-1d574-u170;insert-1774d-u48;insert-1d550-u301,,
device,semantic-device-service_drop-dxf-text-insert-17756-child-f5f0,DROP,service_drop,7B-020L,0.9244,linked,0.8155,9,insert-1d974-fenc-1525;insert-17756-u48;insert-1d68c-u284;insert-1d698-u160;insert-1d67e-u178,,
device,semantic-device-service_drop-dxf-text-insert-1779b-child-12654,DROP,service_drop,7B-030L,0.6863,ambiguous,0.6800,0,insert-1da0a-fenc-1525;insert-1d826-u273;insert-1d832-u143;insert-1779b-70zf-20013171-rbt-pwr-dist-400a;insert-1da05-fenc-1525,,
device,semantic-device-service_drop-dxf-text-insert-2a5ac-child-f5f0,DROP,service_drop,7B-070R,0.8835,linked,0.8158,9,insert-a0e94-fenc-1525;insert-2a5ac-u48;insert-1de8a-u112;insert-a0e8f-fenc-1525;insert-a0012-u112,,
device,semantic-device-service_drop-dxf-text-insert-2a5b5-child-f5f0,DROP,service_drop,7B-070R,0.9297,linked,0.8263,9,insert-a0e85-fenc-1525;insert-2a5b5-u48;insert-1dd25-u253;insert-1dd31-u121;insert-1dd19-u120,,
device,semantic-device-service_drop-dxf-text-insert-a3d4e-child-f5f0,DROP,service_drop,7B-070L,0.6881,ambiguous,0.6800,0,insert-a218b-fenc-1525;insert-a20c6-u104;insert-a3d4e-u48;insert-a2186-fenc-1525;insert-17138-7g-080-1dr-2d,,
device,semantic-device-service_drop-dxf-text-insert-a3d7f-child-f5f0,DROP,service_drop,7B-040L,0.9278,linked,0.8154,9,insert-1d992-fenc-1525;insert-a3d7f-u48;cluster-layer-0-e-ctry-ovhd-34-50;insert-1d606-u286;insert-1d612-u162,,
device,semantic-device-service_drop-dxf-text-insert-1779e-child-12654_dxf-text-insert-a44d3-child-12654,DROP DROP,service_drop,7B-010L,0.7329,ambiguous,0.6800,0,insert-a44e4-fenc-1025;insert-a4503-u243;insert-1d68c-u284;insert-1d698-u160;insert-a44f7-u104,,
device,semantic-device-pdp_panel-dxf-text-insert-1779e-child-125fe_dxf-text-insert-a44d3-child-125fe,PANEL 400A PANEL 400A,pdp_panel,7B-010L,0.7958,ambiguous,0.6800,0,insert-1779e-70zf-20013171-rbt-pwr-dist-400a;insert-a44d3-70zf-20013171-rbt-pwr-dist-400a;insert-a4503-u243;insert-a44d8-trasf;insert-a44f7-u104,,
device,semantic-device-pdp_panel-dxf-text-insert-17112-child-125fd_dxf-text-insert-17112-child-125fe,PANEL 400A ROBOT PDP,pdp_panel,7B-010R,0.9800,linked,0.8988,84,insert-17112-70zf-20013171-rbt-pwr-dist-400a;insert-1dc05-u266;insert-170c0-u48;insert-33d29-es-switch;insert-1dc11-u134,,
device,semantic-device-lift_tilt-dxf-mtext-16e73_dxf-text-insert-16e74-child-127ed,PART NUMBER LIFT & TILT,lift_tilt,7B-010R,0.8318,ambiguous,0.6800,0,insert-16e8d-u66;insert-16e74-u65;insert-1783a-u66;insert-17821-u65;insert-177bc-u64,,
device,semantic-device-lift_tilt-dxf-mtext-17820_dxf-text-insert-17821-child-127ed,PART NUMBER LIFT & TILT,lift_tilt,7B-020R,0.8316,ambiguous,0.6800,0,insert-1783a-u66;insert-17821-u65;insert-16e74-u65;insert-16e8d-u66;insert-133ee-u34,,
device,semantic-device-lift_tilt-dxf-mtext-17844_dxf-text-insert-17845-child-127ed,PART NUMBER LIFT & TILT,lift_tilt,7B-020L,0.8318,ambiguous,0.6800,0,insert-1785e-u66;insert-17845-u65;insert-17882-u66;insert-17869-u65;insert-131ce-u34,,
device,semantic-device-lift_tilt-dxf-mtext-17868_dxf-text-insert-17869-child-127ed,PART NUMBER LIFT & TILT,lift_tilt,7B-010L,0.8320,ambiguous,0.6800,0,insert-17882-u66;insert-17869-u65;insert-17845-u65;insert-1785e-u66;insert-17807-u64,,
device,semantic-device-robot_model-dxf-text-insert-16d7d-child-df36,R2000iC-210F,robot_model,7B-010R,0.8880,ambiguous,0.6800,0,insert-16d7d-u36;insert-16ed9-u15;cluster-layer-0-e-ctry-ovhd-46-49;insert-1c305-rbrkt-2004-topview;insert-1c306-rbrkt-2001-topview,,
device,semantic-device-robot_model-dxf-text-insert-16d8d-child-df36,R2000iC-210F,robot_model,7B-020R,0.8986,ambiguous,0.6800,0,insert-16ee3-u15;insert-16d8d-u36;insert-1701c-u36;insert-16ded-u36;insert-16d9d-u36,,
device,semantic-device-robot_model-dxf-text-insert-16d9d-child-df36,R2000iC-210F,robot_model,7B-020R,0.8971,ambiguous,0.6800,0,insert-16d9d-u36;insert-16eed-u15;insert-16dad-u36;insert-16ded-u36;insert-1703b-u36,,
device,semantic-device-robot_model-dxf-text-insert-16dad-child-df36,R2000iC-210F,robot_model,7B-030R,0.8844,ambiguous,0.6800,0,insert-16dad-u36;insert-16eb1-u15;insert-1703b-u36;cluster-layer-0-q-genro-wrk-53-47;insert-16dbd-u36,,
device,semantic-device-robot_model-dxf-text-insert-16dbd-child-df36,R2000iC-210F,robot_model,7B-040R,0.8930,ambiguous,0.6800,0,insert-16dbd-u36;insert-16ef7-u15;insert-1703b-u36;insert-a4032-manb-up;insert-16dcd-u36,,
device,semantic-device-robot_model-dxf-text-insert-16dcd-child-df36,R2000iC-210F,robot_model,7B-040R,0.8926,ambiguous,0.6800,0,insert-16ebb-u15;insert-16dcd-u36;insert-16dbd-u36;insert-16ddd-u36;cluster-layer-0-q-genro-wrk-54-47,,
device,semantic-device-robot_model-dxf-text-insert-16ddd-child-df36,R2000iC-210F,robot_model,7B-060R,0.8949,ambiguous,0.6800,0,insert-16ec5-u15;insert-16ddd-u36;insert-16dcd-u36;insert-16d4e-210l;insert-9ce77-putdownstand,,
device,semantic-device-robot_model-dxf-text-insert-16ded-child-df36,R2000iC-210F,robot_model,7B-020R,0.8853,ambiguous,0.6800,0,insert-16ded-u36;insert-16ecf-u15;cluster-layer-0-q-genro-wrk-50-47;insert-1701c-u36;insert-16dad-u36,,
device,semantic-device-robot_model-dxf-text-insert-1701c-child-df36,R2000iC-210F,robot_model,7B-020R,0.8853,ambiguous,0.6800,0,insert-1701c-u36;insert-1702c-u15;cluster-layer-0-q-genro-wrk-49-47;cluster-layer-0-q-genro-wrk-50-47;insert-16ded-u36,,
device,semantic-device-robot_model-dxf-text-insert-1703b-child-df36,R2000iC-210F,robot_model,7B-030R,0.8841,ambiguous,0.6800,0,insert-1704b-u15;insert-1703b-u36;cluster-layer-0-q-genro-wrk-53-47;insert-16dad-u36;insert-16dbd-u36,,
device,semantic-device-robot_model-dxf-text-insert-1747d-child-df36,R2000iC-210F,robot_model,7B-010L,0.8887,ambiguous,0.6800,0,insert-175b2-u15;insert-1747d-u36;cluster-layer-0-e-ctry-ovhd-41-49;cluster-layer-0-a-annot-t-40-49;insert-1748d-u234,,
device,semantic-device-robot_model-dxf-text-insert-1748d-child-930c9,R2000iC-210F,robot_model,7B-020L,0.8986,ambiguous,0.6800,0,insert-1748d-u234;insert-175bc-u15;insert-176e6-u36;insert-174ed-u36;cluster-layer-0-38-48,,
device,semantic-device-robot_model-dxf-text-insert-1749d-child-df36,R2000iC-210F,robot_model,7B-020L,0.8971,ambiguous,0.6800,0,insert-1749d-u36;insert-175c6-u15;insert-174ad-u36;insert-17702-u36;insert-174ed-u36,,
device,semantic-device-robot_model-dxf-text-insert-174ad-child-df36,R2000iC-210F,robot_model,7B-030L,0.8844,ambiguous,0.6800,0,insert-174ad-u36;insert-1758a-u15;insert-17702-u36;insert-174ed-u36;cluster-layer-0-q-genro-wrk-34-47,,
device,semantic-device-robot_model-dxf-text-insert-174bd-child-df36,R2000iC-210F,robot_model,7B-040L,0.8932,ambiguous,0.6800,0,insert-174bd-u36;insert-175d0-u15;insert-17702-u36;insert-174cd-u36;insert-1762c-manb-up,,
device,semantic-device-robot_model-dxf-text-insert-174cd-child-df36,R2000iC-210F,robot_model,7B-050L,0.8928,ambiguous,0.6800,0,insert-174cd-u36;insert-17594-u15;insert-174bd-u36;insert-174dd-u36;cluster-layer-0-33-48,,
device,semantic-device-robot_model-dxf-text-insert-174dd-child-df36,R2000iC-210F,robot_model,7B-060L,0.8949,ambiguous,0.6800,0,insert-1759e-u15;insert-174dd-u36;insert-174cd-u36;insert-1744e-210l;insert-1b2ea-rbrkt-2004-topview,,
device,semantic-device-robot_model-dxf-text-insert-174ed-child-df36,R2000iC-210F,robot_model,7B-020L,0.8855,ambiguous,0.6800,0,insert-174ed-u36;insert-175a8-u15;cluster-layer-0-q-genro-wrk-37-47;insert-176e6-u36;insert-174ad-u36,,
device,semantic-device-robot_model-dxf-text-insert-176e6-child-df36,R2000iC-210F,robot_model,7B-020L,0.8855,ambiguous,0.6800,0,insert-176f6-u15;insert-176e6-u36;cluster-layer-0-q-genro-wrk-38-47;cluster-layer-0-q-genro-wrk-37-47;insert-174ed-u36,,
device,semantic-device-robot_model-dxf-text-insert-17702-child-df36,R2000iC-210F,robot_model,7B-030L,0.8843,ambiguous,0.6800,0,insert-17712-u15;insert-17702-u36;cluster-layer-0-q-genro-wrk-34-47;insert-174ad-u36;insert-174bd-u36,,
device,semantic-device-robot_model-dxf-text-insert-16d4e-child-101b,R2000iC-210L,robot_model,7B-060R,0.8864,ambiguous,0.6800,0,insert-16d4b-desg-br01-fan03-pcd-1250-8x24;insert-16d4e-210l;insert-16ddd-u36;insert-16a1b-7g-080-1dr-2d;insert-16a18-7g-080-1dr-2d,,
device,semantic-device-robot_model-dxf-text-insert-1744e-child-101b,R2000iC-210L,robot_model,7B-060L,0.8864,ambiguous,0.6800,0,insert-1744e-210l;insert-1744b-desg-br01-fan03-pcd-1250-8x24;insert-174dd-u36;insert-1b2ea-rbrkt-2004-topview;insert-1b2eb-rbrkt-2001-topview,,
device,semantic-device-pdp_panel-dxf-text-insert-1710f-child-125fd_dxf-text-insert-1710f-child-125fe,ROBOT PDP PANEL 400A,pdp_panel,7B-030R,0.9800,linked,0.8968,84,insert-1710f-70zf-20013171-rbt-pwr-dist-400a;insert-1ddcd-u245;cluster-layer-0-e-ctry-ovhd-53-46;insert-1ddd9-u113;insert-1e3a0-rbrkt-2001-topview,,
device,semantic-device-pdp_panel-dxf-text-insert-1779b-child-125fd_dxf-text-insert-1779b-child-125fe,ROBOT PDP PANEL 400A,pdp_panel,7B-030L,0.9800,linked,0.8968,84,insert-1779b-70zf-20013171-rbt-pwr-dist-400a;cluster-layer-0-e-ctry-ovhd-34-46;insert-17738-fanuc-henrob-controller;insert-1da0a-fenc-1525;insert-1d83e-u274,,
device,semantic-device-pdp_panel-dxf-text-insert-1779e-child-125fd_dxf-text-insert-a44d3-child-125fd,ROBOT PDP ROBOT PDP,pdp_panel,7B-010L,0.8351,ambiguous,0.6800,0,insert-1779e-70zf-20013171-rbt-pwr-dist-400a;insert-a44d3-70zf-20013171-rbt-pwr-dist-400a;insert-a4503-u243;insert-a44d8-trasf;insert-a44f7-u104,,
